Part,Sarga,Word,Word Start,Word End
pm01-10,कश्चित्,0.000,1.015
pm01-10,कान्ताविरहगुरुणा,1.015,2.375
pm01-10,स्वाधिकारात्,2.375,5.005
pm01-10,प्रमत्तः,5.005,9.540
pm01-10,शापेनास्तंगमितमहिमा,9.540,13.240
pm01-10,वर्षभोग्येण,13.240,14.830
pm01-10,भर्तुः,14.830,19.180
pm01-10,यक्षश्चक्रे,19.180,21.250
pm01-10,जनकतनयास्नानपुण्योदकेषु,21.250,27.980
pm01-10,स्निग्धच्छायातरुषु,27.980,30.725
pm01-10,वसतिं,30.725,31.760
pm01-10,रामगिर्याश्रमेषु,31.760,38.400
pm01-10,तस्मिन्नद्रौ,38.400,41.345
pm01-10,कतिचिदबलाविप्रयुक्तः,41.345,44.655
pm01-10,स,44.655,44.805
pm01-10,कामी,44.805,46.760
pm01-10,नीत्वा,46.760,47.945
pm01-10,मासान्,47.945,50.015
pm01-10,कनकवलयभ्रंशरिक्तप्रकोष्ठः,50.015,55.880
pm01-10,आषाढस्य,55.880,58.010
pm01-10,प्रथमदिवसे,58.010,59.375
pm01-10,मेघमाश्लिष्टसानुं,59.375,64.520
pm01-10,वप्रक्रीडापरिणतगजप्रेक्षणीयं,64.520,70.535
pm01-10,ददर्श,70.535,72.360
pm01-10,तस्य,72.360,73.550
pm01-10,स्थित्वा,73.550,74.890
pm01-10,कथमपि,74.890,75.700
pm01-10,पुरः,75.700,77.230
pm01-10,कौतुकाधानहेतोः,77.230,81.880
pm01-10,अन्तर्बाष्पश्चिरमनुचरो,81.880,85.200
pm01-10,राजराजस्य,85.200,87.845
pm01-10,दध्यौ,87.845,90.040
pm01-10,मेघालोके,90.040,92.270
pm01-10,भवति,92.270,92.860
pm01-10,सुखिनोप्यन्यथावृत्ति,92.860,96.935
pm01-10,चेतः,96.935,98.120
pm01-10,कण्ठाश्लेषप्रणयिनि,98.120,101.790
pm01-10,जने,101.790,102.160
pm01-10,किं,102.160,103.330
pm01-10,पुनर्दूरसंस्थे,103.330,107.320
pm01-10,प्रत्यासन्ने,107.320,110.910
pm01-10,नभसि,110.910,111.585
pm01-10,दयिताजीवितालम्बनार्थी,111.585,118.420
pm01-10,जीमूतेन,118.420,120.150
pm01-10,स्वकुशलमयीं,120.150,122.690
pm01-10,हारयिष्यन्,122.690,125.020
pm01-10,प्रवृत्तिम्,125.020,128.060
pm01-10,स,128.060,128.670
pm01-10,प्रत्यग्रैः,128.670,131.410
pm01-10,कुटजकुसुमैः,131.410,135.390
pm01-10,कल्पितार्घाय,135.390,139.490
pm01-10,तस्मै,139.490,141.260
pm01-10,प्रीतः,141.260,141.780
pm01-10,प्रीतिप्रमुखवचनं,141.780,147.440
pm01-10,स्वागतं,147.440,148.665
pm01-10,व्याजहार,148.665,150.380
pm01-10,धूमज्योतिःसलिलमरुतां,150.380,152.675
pm01-10,संनिपातः,152.675,153.420
pm01-10,क्व,153.420,153.760
pm01-10,मेघः,153.760,155.400
pm01-10,सन्देशार्थाः,155.400,158.520
pm01-10,क्व,158.520,158.940
pm01-10,पटुकरणैः,158.940,160.060
pm01-10,प्राणिभिः,160.060,161.805
pm01-10,प्रापणीयाः,161.805,166.080
pm01-10,इत्यौत्सुक्यादपरिगणयन्,166.080,170.735
pm01-10,गुह्यकस्तं,170.735,171.940
pm01-10,ययाचे,171.940,174.740
pm01-10,कामार्ता,174.740,177.220
pm01-10,हि,177.220,177.500
pm01-10,प्रकृतिकृपणाश्चेतनाचेतनेषु,177.500,185.120
pm01-10,जातं,185.120,186.195
pm01-10,वंशे,186.195,187.355
pm01-10,भुवनविदिते,187.355,189.200
pm01-10,पुष्करावर्तकानां,189.200,195.160
pm01-10,जानामि,195.160,196.555
pm01-10,त्वां,196.555,196.980
pm01-10,प्रकृतिपुरुषं,196.980,199.930
pm01-10,कामरूपं,199.930,202.370
pm01-10,मघोनः,202.370,204.440
pm01-10,तेनार्थित्वं,204.440,207.710
pm01-10,त्वयि,207.710,208.150
pm01-10,विधिवशाद्,208.150,209.590
pm01-10,दूरबन्धुर्गतोहं,209.590,214.920
pm01-10,याच्ञा,214.920,216.200
pm01-10,मोघा,216.200,217.655
pm01-10,वरमधिगुणे,217.655,220.210
pm01-10,नाधमे,220.210,220.790
pm01-10,लब्धकामा,220.790,225.680
pm01-10,संतप्तानां,225.680,227.880
pm01-10,त्वमसि,227.880,228.500
pm01-10,शरणं,228.500,230.105
pm01-10,तत्,230.105,231.065
pm01-10,पयोद,231.065,232.725
pm01-10,प्रियायाः,232.725,235.120
pm01-10,संदेशं,235.120,236.430
pm01-10,मे,236.430,237.095
pm01-10,हर,237.095,238.210
pm01-10,धनपतिक्रोधविश्लेषितस्य,238.210,244.640
pm01-10,गन्तव्या,244.640,246.055
pm01-10,ते,246.055,246.690
pm01-10,वसतिरलका,246.690,248.505
pm01-10,नाम,248.505,249.800
pm01-10,यक्षेश्वराणां,249.800,254.100
pm01-10,बाह्योद्यानस्थितहरशिरश्चन्द्रिकाधौतहर्म्या,254.100,262.260
pm01-10,त्वामारूढं,262.260,265.275
pm01-10,पवनपदवीम्,265.275,268.230
pm01-10,उद्गृहीतालकान्ताः,268.230,272.660
pm01-10,प्रेक्षिष्यन्ते,272.660,275.250
pm01-10,पथिकवनिताः,275.250,278.530
pm01-10,प्रत्ययाद्,278.530,281.175
pm01-10,आश्वसत्यः,281.175,283.300
pm01-10,कः,283.300,283.575
pm01-10,सन्नद्धे,283.575,285.165
pm01-10,विरहविधुरां,285.165,287.030
pm01-10,त्वय्युपेक्षेत,287.030,290.095
pm01-10,जायां,290.095,292.360
pm01-10,न,292.360,292.735
pm01-10,स्यादन्योप्यहमिव,292.735,295.435
pm01-10,जनो,295.435,296.740
pm01-10,यः,296.740,298.865
pm01-10,पराधीनवृत्तिः,298.865,303.000
pm01-10,मन्दं,303.000,303.995
pm01-10,मन्दं,303.995,304.925
pm01-10,नुदति,304.925,305.465
pm01-10,पवनश्चानुकूलो,305.465,308.070
pm01-10,यथा,308.070,309.710
pm01-10,त्वां,309.710,310.160
pm01-10,वामश्चायं,310.160,311.870
pm01-10,नदति,311.870,312.420
pm01-10,मधुरं,312.420,313.180
pm01-10,चातकस्ते,313.180,314.410
pm01-10,सगन्धः,314.410,317.580
pm01-10,गर्भाधानक्षणपरिचयान्नूनमाबद्धमालाः,317.580,325.640
pm01-10,सेविष्यन्ते,325.640,327.340
pm01-10,नयनसुभगं,327.340,329.180
pm01-10,खे,329.180,329.815
pm01-10,भवन्तं,329.815,330.675
pm01-10,बलाकाः,330.675,333.320
pm01-10,तां,333.320,336.265
pm01-10,चावश्यं,336.265,337.995
pm01-10,दिवसगणनातत्परामेकपत्नीम्,337.995,342.920
pm01-10,अव्यापन्नामवितथगतिः,342.920,347.115
pm01-10,द्रक्ष्यसि,347.115,347.720
pm01-10,भ्रातृजायाम्,347.720,350.720
pm01-10,आशाबन्धः,350.720,352.950
pm01-10,कुसुमसदृशं,352.950,354.580
pm01-10,प्रायशो,354.580,356.385
pm01-10,ह्यङ्गनानां,356.385,358.520
pm01-10,सद्यःपाति,358.520,359.980
pm01-10,प्रणयि,359.980,361.180
pm01-10,हृदयं,361.180,362.390
pm01-10,विप्रयोगे,362.390,364.670
pm01-10,रुणद्धि,364.670,368.160
pm11-20,कर्तुं,0.000,3.125
pm11-20,यच्च,3.125,3.540
pm11-20,प्रभवति,3.540,4.590
pm11-20,महीम्,4.590,6.170
pm11-20,उच्छिलीन्ध्रामवन्ध्यां,6.170,9.640
pm11-20,तच्छ्रुत्वा,9.640,11.325
pm11-20,ते,11.325,11.535
pm11-20,श्रवणसुभगं,11.535,13.505
pm11-20,गर्जितं,13.505,15.355
pm11-20,मानसोत्काः,15.355,18.560
pm11-20,आ,18.560,18.755
pm11-20,कैलासाद्,18.755,20.870
pm11-20,बिसकिसलयच्छेदपाथेयवन्तः,20.870,25.920
pm11-20,संपत्स्यन्ते,25.920,27.665
pm11-20,नभसि,27.665,28.335
pm11-20,भवतो,28.335,29.105
pm11-20,राजहंसाः,29.105,31.745
pm11-20,सहायाः,31.745,35.840
pm11-20,आपृच्छस्व,35.840,37.460
pm11-20,प्रियसखममुं,37.460,38.835
pm11-20,तुङ्गमालिङ्ग्य,38.835,42.110
pm11-20,शैलं,42.110,44.040
pm11-20,वन्द्यैः,44.040,45.080
pm11-20,पुंसां,45.080,46.235
pm11-20,रघुपतिपदैः,46.235,48.575
pm11-20,अङ्कितं,48.575,50.065
pm11-20,मेखलासु,50.065,51.980
pm11-20,काले,51.980,53.130
pm11-20,काले,53.130,54.455
pm11-20,भवति,54.455,55.035
pm11-20,भवतो,55.035,56.610
pm11-20,यस्य,56.610,57.095
pm11-20,संयोगमेत्य,57.095,60.260
pm11-20,स्नेहव्यक्तिश्चिरविरहजं,60.260,64.245
pm11-20,मुञ्चतो,64.245,64.850
pm11-20,बाष्पमुष्णम्,64.850,70.300
pm11-20,मर्गं,70.300,71.385
pm11-20,तावच्छृणु,71.385,72.845
pm11-20,कथयतः,72.845,73.600
pm11-20,त्वत्प्रयाणानुरूपं,73.600,77.920
pm11-20,संदेशं,77.920,79.080
pm11-20,मे,79.080,79.510
pm11-20,तदनु,79.510,80.280
pm11-20,जलद,80.280,80.820
pm11-20,श्रोष्यसि,80.820,81.725
pm11-20,श्रोत्रपेयम्,81.725,84.260
pm11-20,खिन्नः,84.260,85.525
pm11-20,खिन्नः,85.525,86.700
pm11-20,शिखरिषु,86.700,87.645
pm11-20,पदं,87.645,88.340
pm11-20,न्यस्य,88.340,88.895
pm11-20,गन्तासि,88.895,90.420
pm11-20,यत्र,90.420,91.780
pm11-20,क्षीणः,91.780,93.005
pm11-20,क्षीणः,93.005,93.530
pm11-20,परिलघु,93.530,95.040
pm11-20,पयः,95.040,95.450
pm11-20,स्रोतसां,95.450,97.280
pm11-20,चोपभुज्य,97.280,101.200
pm11-20,अद्रेः,101.200,102.015
pm11-20,शृङ्गं,102.015,103.085
pm11-20,हरति,103.085,103.660
pm11-20,पवनः,103.660,105.160
pm11-20,किंस्विदित्युन्मुखीभिः,105.160,109.020
pm11-20,दृष्टोत्साहश्चकितचकितं,109.020,112.895
pm11-20,मुग्धसिद्धाङ्गनाभिः,112.895,117.120
pm11-20,स्थानादस्मात्,117.120,119.965
pm11-20,सरसनिचुलादुत्पतोदङ्मुखः,119.965,125.025
pm11-20,खं,125.025,126.100
pm11-20,दिङ्नागानां,126.100,126.830
pm11-20,पथि,126.830,128.430
pm11-20,परिहरन्,128.430,130.050
pm11-20,स्थूलहस्तावलेपान्,130.050,135.860
pm11-20,रत्नच्छायाव्यतिकर,135.860,139.415
pm11-20,इव,139.415,139.590
pm11-20,प्रेक्ष्यमेतत्पुरस्ताद्,139.590,144.240
pm11-20,वल्मीकाग्रात्,144.240,146.600
pm11-20,प्रभवति,146.600,147.410
pm11-20,धनुःखण्डमाखण्डलस्य,147.410,153.080
pm11-20,येन,153.080,153.630
pm11-20,श्यामं,153.630,155.000
pm11-20,वपुरतितरां,155.000,156.810
pm11-20,कान्तिमापत्स्यते,156.810,160.210
pm11-20,ते,160.210,161.480
pm11-20,बर्हेणेव,161.480,162.975
pm11-20,स्फुरितरुचिना,162.975,164.975
pm11-20,गोपवेषस्य,164.975,167.805
pm11-20,विष्णोः,167.805,170.280
pm11-20,त्वय्यायन्तं,170.280,173.125
pm11-20,कृषिफलमिति,173.125,174.585
pm11-20,भ्रूविकारानभिज्ञैः,174.585,179.100
pm11-20,प्रीतिस्निग्धैर्जनपदवधूलोचनैः,179.100,184.330
pm11-20,पीयमानः,184.330,188.060
pm11-20,सद्यःसीरोत्कषणसुरभि,188.060,191.485
pm11-20,क्षेत्रमारुह्य,191.485,194.595
pm11-20,मालं,194.595,195.960
pm11-20,किंचित्,195.960,197.240
pm11-20,पश्चाद्,197.240,199.525
pm11-20,व्रज,199.525,201.110
pm11-20,लघुगतिर्भूय,201.110,202.035
pm11-20,एवोत्तरेण,202.035,206.740
pm11-20,त्वामासारप्रशमितवनोपप्लवं,206.740,212.450
pm11-20,साधु,212.450,213.705
pm11-20,मूर्ध्ना,213.705,215.020
pm11-20,वक्ष्यत्यध्वश्रमपरिगतं,215.020,219.090
pm11-20,सानुमानाम्रकूटः,219.090,223.560
pm11-20,न,223.560,223.920
pm11-20,क्षुद्रोऽपि,223.920,225.130
pm11-20,प्रथमसुकृतापेक्षया,225.130,229.210
pm11-20,संश्रयाय,229.210,231.360
pm11-20,प्राप्ते,231.360,233.045
pm11-20,मित्रे,233.045,233.725
pm11-20,भवति,233.725,234.440
pm11-20,विमुखः,234.440,236.140
pm11-20,किं,236.140,236.425
pm11-20,पुनर्यस्तत्थोच्चैः,236.425,240.780
pm11-20,छन्नोपान्तः,240.780,245.740
pm11-20,परिणतफलद्योतिभिः,245.740,247.455
pm11-20,काननाम्रैः,247.455,250.320
pm11-20,त्वय्यारूढे,250.320,252.450
pm11-20,शिखरमचलः,252.450,255.090
pm11-20,स्निग्धवेणीसवर्णे,255.090,259.480
pm11-20,नूनं,259.480,260.515
pm11-20,यास्यत्यमरमिथुनप्रेक्षणीयामवस्थां,260.515,267.800
pm11-20,मध्ये,267.800,268.575
pm11-20,श्यामः,268.575,270.385
pm11-20,स्तन,270.385,271.095
pm11-20,इव,271.095,271.500
pm11-20,भुवः,271.500,272.680
pm11-20,शेषविस्तारपाण्डुः,272.680,278.560
pm11-20,स्थित्वा,278.560,279.835
pm11-20,तस्मिन्,279.835,281.255
pm11-20,वनचरवधूभुक्तकुञ्जे,281.255,285.310
pm11-20,मुहूर्तं,285.310,287.040
pm11-20,तोयोत्सर्गद्रुततरगतिस्तत्परं,287.040,293.965
pm11-20,वर्त्मतीर्णः,293.965,296.840
pm11-20,रेवां,296.840,297.875
pm11-20,द्रक्ष्यस्युपलविषमे,297.875,301.240
pm11-20,विन्ध्यपादे,301.240,303.505
pm11-20,विशीर्णां,303.505,305.240
pm11-20,भक्तिच्छेदैरिव,305.240,308.705
pm11-20,विरचितां,308.705,310.400
pm11-20,भूतिमङ्गे,310.400,312.620
pm11-20,गजस्य,312.620,314.500
pm11-20,तस्यास्तिक्तैः,314.500,318.990
pm11-20,वनगजमदैरः,318.990,320.585
pm11-20,वासितं,320.585,322.240
pm11-20,वान्तवृष्टिः,322.240,324.760
pm11-20,जम्बूकुञ्जप्रतिहतरयं,324.760,328.875
pm11-20,तोयमादाय,328.875,331.400
pm11-20,गच्छेः,331.400,333.840
pm11-20,अन्तःसारं,333.840,336.630
pm11-20,घन,336.630,336.955
pm11-20,तुलयितुं,336.955,338.245
pm11-20,नानिलः,338.245,339.115
pm11-20,शक्ष्यति,339.115,340.545
pm11-20,त्वां,340.545,341.860
pm11-20,रिक्तः,341.860,342.865
pm11-20,सर्वो,342.865,343.615
pm11-20,भवति,343.615,344.585
pm11-20,हि,344.585,344.885
pm11-20,लघुः,344.885,346.210
pm11-20,पूर्णता,346.210,347.955
pm11-20,गौरवाय,347.955,351.000
pm21-30,नीपं,0.000,2.850
pm21-30,दृष्ट्वा,2.850,4.455
pm21-30,हरितकपिशं,4.455,6.235
pm21-30,केसरैरर्धरूढैः,6.235,11.340
pm21-30,आविर्भूतप्रथममुकुलाः,11.340,15.230
pm21-30,कन्दलीश्चानुकच्छम्,15.230,19.260
pm21-30,जग्ध्वारण्येष्वधिकसुरभिं,19.260,23.315
pm21-30,गन्धमाघ्राय,23.315,26.535
pm21-30,चोर्व्याः,26.535,28.860
pm21-30,सारङ्गास्ते,28.860,30.625
pm21-30,जललवमुचः,30.625,33.760
pm21-30,सूचयिष्यन्ति,33.760,36.220
pm21-30,मार्गम्,36.220,39.560
pm21-30,अम्भोबिन्दुग्रहणचतुरांश्चातकान्,39.560,45.510
pm21-30,वीक्षमाणाः,45.510,48.520
pm21-30,श्रेणीभूताः,48.520,50.930
pm21-30,परिगणनया,50.930,53.200
pm21-30,निर्दिशन्तो,53.200,55.490
pm21-30,बलाकाः,55.490,57.280
pm21-30,त्वामासाद्य,57.280,59.830
pm21-30,स्तनितसमये,59.830,62.590
pm21-30,मानयिष्यन्ति,62.590,65.155
pm21-30,सिद्धाः,65.155,67.580
pm21-30,सोत्कण्ठानि,67.580,69.520
pm21-30,प्रियसहचरीसंभ्रमालिङ्गितानि,69.520,75.860
pm21-30,उत्पश्यामि,75.860,78.860
pm21-30,द्रुतमपि,78.860,79.930
pm21-30,सखे,79.930,80.920
pm21-30,मत्प्रियार्थं,80.920,83.730
pm21-30,यियासोः,83.730,85.560
pm21-30,कालक्षेपं,85.560,88.025
pm21-30,ककुभसुरभौ,88.025,90.355
pm21-30,पर्वते,90.355,91.150
pm21-30,पर्वेते,91.150,94.420
pm21-30,ते,94.420,94.780
pm21-30,शुक्लापाङ्गैः,94.780,98.770
pm21-30,सजलनयनैः,98.770,100.525
pm21-30,स्वागतीकृत्य,100.525,102.875
pm21-30,केकाः,102.875,105.220
pm21-30,प्रत्युद्यातः,105.220,106.880
pm21-30,कथमपि,106.880,107.865
pm21-30,भवान्,107.865,109.655
pm21-30,गन्तुमाशु,109.655,111.280
pm21-30,व्यवस्येत्,111.280,113.440
pm21-30,पाण्डुच्छायोपवनवृतयः,113.440,119.445
pm21-30,केतकैः,119.445,120.985
pm21-30,सूचिभिन्नैः,120.985,123.660
pm21-30,नीडारम्भैः,123.660,125.140
pm21-30,गृहबलिभुजामाकुलग्रामचैत्याः,125.140,133.480
pm21-30,त्वय्यासन्ने,133.480,134.990
pm21-30,परिणतफलश्यामजम्बूवनान्ताः,134.990,142.240
pm21-30,संपत्स्यन्ते,142.240,143.940
pm21-30,कतिपयदिनस्थायिहंसा,143.940,148.960
pm21-30,दशार्णाः,148.960,151.460
pm21-30,तेषां,151.460,153.885
pm21-30,दिक्षु,153.885,154.490
pm21-30,प्रथितविदिशालक्षणां,154.490,158.325
pm21-30,राजधानीं,158.325,160.880
pm21-30,गत्वा,160.880,161.840
pm21-30,सद्यः,161.840,164.025
pm21-30,फलमविकलं,164.025,165.880
pm21-30,कामुकत्वस्य,165.880,167.615
pm21-30,लब्धा,167.615,169.040
pm21-30,तीरोपान्तस्तनितसुभगं,169.040,173.845
pm21-30,पास्यसि,173.845,174.790
pm21-30,स्वादु,174.790,176.190
pm21-30,यस्मात्,176.190,178.200
pm21-30,सभ्रूभङ्गं,178.200,179.990
pm21-30,मुखमिव,179.990,180.945
pm21-30,पयो,180.945,182.285
pm21-30,वेत्रवत्याश्चलोर्मि,182.285,187.520
pm21-30,नीचैराख्यं,187.520,189.795
pm21-30,गिरिमधिवसेः,189.795,192.020
pm21-30,तत्र,192.020,192.850
pm21-30,विश्रामहेतोः,192.850,196.000
pm21-30,त्वत्सम्पर्कात्,196.000,198.390
pm21-30,पुलकितमिव,198.390,199.440
pm21-30,प्रौढपुष्पैः,199.440,202.460
pm21-30,कदम्बैः,202.460,204.580
pm21-30,यः,204.580,204.885
pm21-30,पण्यस्त्रीरतिपरिमलोद्गारिभिः,204.885,210.465
pm21-30,नागराणाम्,210.465,211.520
pm21-30,उद्दामानि,211.520,212.555
pm21-30,प्रथयति,212.555,214.870
pm21-30,शिलावेश्मभिर्,214.870,216.840
pm21-30,यौवनानि,216.840,221.720
pm21-30,विश्रान्तः,221.720,223.165
pm21-30,सन्,223.165,223.835
pm21-30,व्रज,223.835,225.160
pm21-30,वननदीतीरजातानि,225.160,228.730
pm21-30,सिञ्चन्,228.730,230.780
pm21-30,उद्यानानां,230.780,232.705
pm21-30,नवजलकणैः,232.705,235.305
pm21-30,यूथिकाजालकानि,235.305,239.040
pm21-30,गण्डस्वेदापनयनरुजाक्लान्तकर्णोत्पलानां,239.040,247.480
pm21-30,छायादानात्,247.480,250.110
pm21-30,क्षणपरिचितः,250.110,252.960
pm21-30,पुष्पलावीमुखानाम्,252.960,258.540
pm21-30,वक्रः,258.540,259.240
pm21-30,पन्था,259.240,260.495
pm21-30,यदपि,260.495,261.170
pm21-30,भवतः,261.170,262.355
pm21-30,प्रस्थितस्योत्तराशां,262.355,266.620
pm21-30,सौधोत्सङ्गप्रणयविमुखः,266.620,271.020
pm21-30,मा,271.020,271.405
pm21-30,स्म,271.405,271.700
pm21-30,भूरुज्जयिन्याः,271.700,275.980
pm21-30,विद्युद्दामस्फुरितचकितैः,275.980,280.395
pm21-30,यत्र,280.395,280.590
pm21-30,पौराङ्गनानां,280.590,283.600
pm21-30,लोलापाङ्गैर्यदि,283.600,286.030
pm21-30,न,286.030,286.240
pm21-30,रमसे,286.240,287.760
pm21-30,लोचनैर्वञ्चितः,287.760,290.120
pm21-30,स्याः,290.120,292.400
pm21-30,वीचिक्षोभस्तनितविहगश्रेणिकाञ्चीगुणायाः,292.400,300.560
pm21-30,संसर्पन्त्याः,300.560,302.010
pm21-30,स्खलितसुभगं,302.010,305.245
pm21-30,दर्शितावर्तनाभेः,305.245,309.720
pm21-30,निर्विन्ध्यायाः,309.720,311.690
pm21-30,पथि,311.690,312.425
pm21-30,भव,312.425,313.280
pm21-30,रसाभ्यन्तरः,313.280,314.770
pm21-30,सन्निपत्य,314.770,317.540
pm21-30,स्त्रीणामाद्यं,317.540,319.830
pm21-30,प्रणयवचनं,319.830,322.040
pm21-30,विभ्रमो,322.040,323.605
pm21-30,हि,323.605,324.885
pm21-30,प्रियेषु,324.885,328.040
pm21-30,वेणीभूतप्रतनुसलिला,328.040,331.470
pm21-30,तामतीतस्य,331.470,333.945
pm21-30,सिन्धुः,333.945,335.800
pm21-30,पाण्डुच्छाया,335.800,337.735
pm21-30,तटरुहतरुभ्रंशिभिर्जीर्णपर्णैः,337.735,343.860
pm21-30,सौभाग्यं,343.860,345.460
pm21-30,ते,345.460,346.005
pm21-30,सुभग,346.005,347.440
pm21-30,विरहावस्थया,347.440,350.090
pm21-30,व्यञ्जयन्ती,350.090,352.040
pm21-30,कार्श्यं,352.040,353.605
pm21-30,येन,353.605,354.080
pm21-30,त्यजति,354.080,355.325
pm21-30,विधिना,355.325,356.245
pm21-30,स,356.245,357.030
pm21-30,त्वयैवोपपाद्यः,357.030,361.260
pm21-30,प्राप्यावन्तीन्,361.260,364.295
pm21-30,उदयनकथाकोविदग्रामवृद्धान्,364.295,370.000
pm21-30,पूर्वोद्दिष्टामनुसर,370.000,373.095
pm21-30,पुरीं,373.095,373.710
pm21-30,श्रीविशालां,373.710,376.520
pm21-30,विशालाम्,376.520,378.920
pm21-30,स्वल्पीभूते,378.920,381.180
pm21-30,सुचरितफले,381.180,382.915
pm21-30,स्वर्गिणां,382.915,384.755
pm21-30,गां,384.755,385.345
pm21-30,गतानां,385.345,387.420
pm21-30,शेषैः,387.420,388.500
pm21-30,पुण्यैर्हृतम्,388.500,390.735
pm21-30,इव,390.735,391.065
pm21-30,दिवः,391.065,391.740
pm21-30,कान्तिमत्खण्डमेकम्,391.740,396.360
pm31-40,दीर्घीकुर्वन्,0.000,2.635
pm31-40,पटु,2.635,3.085
pm31-40,मदकलं,3.085,4.350
pm31-40,कूजितं,4.350,6.320
pm31-40,सारसानां,6.320,8.800
pm31-40,प्रत्यूषेषु,8.800,10.890
pm31-40,स्फुटितकमलामोदमैत्रीकषायः,10.890,17.440
pm31-40,यत्र,17.440,18.030
pm31-40,स्त्रीणां,18.030,19.705
pm31-40,हरति,19.705,20.705
pm31-40,सुरतग्लानिमङ्गानुकूलः,20.705,25.300
pm31-40,शिप्रावातः,25.300,27.605
pm31-40,प्रियतम,27.605,28.865
pm31-40,इव,28.865,29.060
pm31-40,प्रार्थनाचाटुकारः,29.060,35.500
pm31-40,हारांस्तारान्,35.500,37.620
pm31-40,तरलगुटिकान्,37.620,39.440
pm31-40,कोटिशः,39.440,40.555
pm31-40,शङ्कशुक्तीः,40.555,43.620
pm31-40,शष्पश्यामान्,43.620,46.015
pm31-40,मरकतमणीन्,46.015,48.220
pm31-40,उन्मयूखप्ररोहान्,48.220,52.400
pm31-40,दृष्ट्वा,52.400,53.240
pm31-40,यस्यां,53.240,54.410
pm31-40,विपणिरचितान्,54.410,56.640
pm31-40,विद्रुमाणां,56.640,58.710
pm31-40,च,58.710,58.945
pm31-40,भङ्गान्,58.945,60.360
pm31-40,संलक्ष्यन्ते,60.360,62.410
pm31-40,सलिलनिधयः,62.410,64.410
pm31-40,तोयमात्रावशेषाः,64.410,69.440
pm31-40,प्रद्योतस्य,69.440,70.955
pm31-40,प्रियदुहितरं,70.955,72.975
pm31-40,वत्सराजोऽत्र,72.975,75.320
pm31-40,जह्रे,75.320,76.640
pm31-40,हैमं,76.640,77.780
pm31-40,तालद्रुमवनमभूद्,77.780,80.655
pm31-40,अत्र,80.655,81.275
pm31-40,तस्यैव,81.275,83.450
pm31-40,राज्ञः,83.450,84.600
pm31-40,अत्रोद्भ्रान्तः,84.600,86.465
pm31-40,किल,86.465,87.245
pm31-40,नलगिरिः,87.245,88.595
pm31-40,स्तम्भमुत्पाट्य,88.595,90.705
pm31-40,दर्पाद्,90.705,92.360
pm31-40,इत्यागन्तून्,92.360,93.985
pm31-40,रमयति,93.985,94.660
pm31-40,जनो,94.660,95.415
pm31-40,यत्र,95.415,97.685
pm31-40,बन्धूनभिज्ञः,97.685,99.240
pm31-40,पत्रश्यामाः,99.240,102.185
pm31-40,दिनकरहयस्पर्धिनो,102.185,105.405
pm31-40,यत्र,105.405,106.390
pm31-40,वाहाः,106.390,107.900
pm31-40,शैलोदग्राः,107.900,110.195
pm31-40,त्वमिव,110.195,110.775
pm31-40,करिणः,110.775,111.965
pm31-40,वृष्टिमन्तः,111.965,113.620
pm31-40,प्रभेदात्,113.620,116.260
pm31-40,योधाग्रण्यः,116.260,117.950
pm31-40,प्रतिदशमुखं,117.950,119.735
pm31-40,संयुगे,119.735,121.485
pm31-40,तस्थिवांसः,121.485,123.300
pm31-40,प्रत्यादिष्टाभरणरुचयः,123.300,127.195
pm31-40,चन्द्रहासव्रणाङ्कैः,127.195,132.280
pm31-40,जालोद्गीर्णैः,132.280,135.740
pm31-40,उपचितवपुः,135.740,137.395
pm31-40,केशसंस्कारधूपैः,137.395,141.760
pm31-40,बन्धुप्रीत्या,141.760,143.855
pm31-40,भवनशिखिभिः,143.855,146.285
pm31-40,दत्तनृत्योपहारः,146.285,150.700
pm31-40,हर्म्येष्वस्याः,150.700,153.300
pm31-40,कुसुमसुरभिषु,153.300,155.190
pm31-40,अध्वखेदं,155.190,157.690
pm31-40,नयेथाः,157.690,159.660
pm31-40,लक्ष्मीं,159.660,160.590
pm31-40,पश्यन्,160.590,162.460
pm31-40,ललितवनितापादरागाङ्कितेषु,162.460,168.740
pm31-40,भर्तुः,168.740,169.705
pm31-40,कण्ठच्छविरिति,169.705,171.430
pm31-40,गणैः,171.430,172.745
pm31-40,सादरं,172.745,174.400
pm31-40,वीक्ष्यमाणः,174.400,176.480
pm31-40,पुण्यं,176.480,177.480
pm31-40,यायाः,177.480,178.980
pm31-40,त्रिभुवनगुरोर्धाम,178.980,181.925
pm31-40,चण्डीश्वरस्य,181.925,185.120
pm31-40,धूतोद्यानं,185.120,187.275
pm31-40,कुवलयरजोगन्धिभिः,187.275,190.265
pm31-40,गन्धवत्याः,190.265,193.320
pm31-40,तोयक्रीडानिरतयुवतिस्नानतिक्तैः,193.320,198.785
pm31-40,मरुद्भिः,198.785,202.000
pm31-40,अप्यन्यस्मिन्,202.000,203.875
pm31-40,जलधर,203.875,205.140
pm31-40,महाकालमासाद्य,205.140,207.995
pm31-40,काले,207.995,209.580
pm31-40,स्थातव्यं,209.580,211.000
pm31-40,ते,211.000,211.585
pm31-40,नयनविषयं,211.585,213.750
pm31-40,यावदत्येति,213.750,215.855
pm31-40,भानुः,215.855,217.600
pm31-40,कुर्वन्,217.600,219.100
pm31-40,सन्ध्याबलिपटहतां,219.100,222.180
pm31-40,शूलिनः,222.180,223.010
pm31-40,श्लाघनीयाम्,223.010,226.640
pm31-40,आमन्द्राणां,226.640,228.045
pm31-40,फलमविकलं,228.045,230.115
pm31-40,लप्स्यसे,230.115,231.735
pm31-40,गर्जितानाम्,231.735,234.400
pm31-40,पादन्यासैः,234.400,237.465
pm31-40,क्वणितरसनाः,237.465,242.215
pm31-40,तत्र,242.215,242.895
pm31-40,लीलावधूतैः,242.895,245.280
pm31-40,रत्नच्छायाखचितवलिभिः,245.280,248.670
pm31-40,चामरैः,248.670,249.395
pm31-40,क्लान्तहस्ताः,249.395,253.240
pm31-40,वेश्यास्त्वत्तो,253.240,255.630
pm31-40,नखपदसुखान्,255.630,260.325
pm31-40,प्राप्य,260.325,260.825
pm31-40,वर्षाग्रबिन्दून्,260.825,262.840
pm31-40,आमोक्ष्यन्ते,262.840,264.290
pm31-40,त्वयि,264.290,264.980
pm31-40,मधुकरश्रेणिदीर्घान्,264.980,268.905
pm31-40,कटक्षान्,268.905,270.920
pm31-40,पश्चादुच्चैर्भुजतरुवनं,270.920,274.790
pm31-40,मण्डलेनाभिलीनः,274.790,279.340
pm31-40,सांध्यं,279.340,280.600
pm31-40,तेजः,280.600,281.795
pm31-40,प्रतिनवजपापुष्परक्तं,281.795,285.465
pm31-40,दधानः,285.465,287.960
pm31-40,नृत्यारम्भे,287.960,289.875
pm31-40,हर,289.875,290.720
pm31-40,पशुपतेरार्द्रनागाजिनेच्छां,290.720,295.660
pm31-40,शान्तोद्वेगस्तिमितनयनं,295.660,299.765
pm31-40,दृष्टभक्तिर्भवान्या,299.765,305.200
pm31-40,गच्छन्तीनां,305.200,307.205
pm31-40,रमणवसतिं,307.205,309.565
pm31-40,योषितां,309.565,311.175
pm31-40,यत्र,311.175,312.305
pm31-40,नक्तं,312.305,313.280
pm31-40,रुद्धालोके,313.280,315.265
pm31-40,नरपतिपथे,315.265,317.495
pm31-40,सूचिभेद्यैस्तमोभिः,317.495,322.200
pm31-40,सौदामन्या,322.200,324.895
pm31-40,कनकनिकषस्निग्धया,324.895,327.675
pm31-40,दर्शयोर्वीं,327.675,329.840
pm31-40,तोयोत्सर्गस्तनितमुखरः,329.840,334.410
pm31-40,मा,334.410,334.745
pm31-40,स्म,334.745,335.125
pm31-40,भूर्विक्लवास्ताः,335.125,338.900
pm31-40,तां,338.900,341.465
pm31-40,कस्यांचिद्,341.465,342.650
pm31-40,भवनवलभौ,342.650,344.850
pm31-40,सुप्तपारावतायां,344.850,348.840
pm31-40,नीत्वा,348.840,350.315
pm31-40,रात्रिं,350.315,351.220
pm31-40,चिरविलसनात्,351.220,352.880
pm31-40,खिन्नविद्युत्कलत्रः,352.880,356.980
pm31-40,दृष्टे,356.980,357.940
pm31-40,सूर्ये,357.940,358.955
pm31-40,पुनरपि,358.955,359.740
pm31-40,भवान्,359.740,361.225
pm31-40,वाहयेदध्वशेषं,361.225,364.900
pm31-40,मन्दायन्ते,364.900,366.825
pm31-40,न,366.825,366.980
pm31-40,खलु,366.980,367.490
pm31-40,सुहृदामभ्युपेतार्थकृत्याः,367.490,374.640
pm31-40,तस्मिन्,374.640,375.735
pm31-40,काले,375.735,376.550
pm31-40,नयनसलिलं,376.550,378.130
pm31-40,योषितां,378.130,379.310
pm31-40,खण्डितानां,379.310,382.140
pm31-40,शान्तिं,382.140,382.880
pm31-40,नेयं,382.880,384.025
pm31-40,प्रणयिभिः,384.025,385.675
pm31-40,अतो,385.675,385.960
pm31-40,वर्त्म,385.960,386.755
pm31-40,भानोस्त्यजाशु,386.755,389.680
pm31-40,प्रालेयास्रं,389.680,392.145
pm31-40,कमलवदनात्,392.145,394.255
pm31-40,सोऽपि,394.255,394.835
pm31-40,हर्तुं,394.835,395.640
pm31-40,नलिन्याः,395.640,397.620
pm31-40,प्रत्यावृत्तस्त्वयि,397.620,400.225
pm31-40,कररुधि,400.225,401.605
pm31-40,स्यादनल्पभ्यसूयः,401.605,406.540
pm31-40,गम्भीरायाः,406.540,408.230
pm31-40,पयसि,408.230,408.875
pm31-40,सरितः,408.875,410.325
pm31-40,चेतसीव,410.325,411.825
pm31-40,प्रसन्ने,411.825,413.400
pm31-40,छायात्मापि,413.400,415.335
pm31-40,प्रकृतिसुभगः,415.335,417.445
pm31-40,लप्स्यते,417.445,418.850
pm31-40,ते,418.850,419.430
pm31-40,प्रवेशम्,419.430,420.800
pm31-40,तस्मादस्याः,420.800,423.470
pm31-40,कुमुदविशदान्यर्हसि,423.470,425.740
pm31-40,त्वं,425.740,426.345
pm31-40,न,426.345,426.685
pm31-40,धैर्यात्,426.685,428.780
pm31-40,मोघीकर्तुं,428.780,430.455
pm31-40,चटुलशफोरोद्वर्तनप्रेक्षितानि,430.455,437.000
pm41-50,तस्याः,0.000,2.430
pm41-50,किञ्चित्,2.430,3.155
pm41-50,करधृतमिव,3.155,4.660
pm41-50,प्राप्त्वानीरशाखं,4.660,8.400
pm41-50,नीत्वा,8.400,9.415
pm41-50,नीलं,9.415,10.155
pm41-50,सलिलवसनं,10.155,11.595
pm41-50,मुक्तरोधोनितम्बम्,11.595,15.560
pm41-50,प्रस्थानं,15.560,17.135
pm41-50,ते,17.135,17.605
pm41-50,कथमपि,17.605,18.310
pm41-50,सखे,18.310,19.560
pm41-50,लम्बमानस्य,19.560,21.140
pm41-50,भावि,21.140,22.740
pm41-50,ज्ञातास्वादो,22.740,24.410
pm41-50,विवृतजघनां,24.410,25.960
pm41-50,को,25.960,26.615
pm41-50,विहातुं,26.615,28.115
pm41-50,समर्थः,28.115,29.980
pm41-50,त्वन्निष्यन्दोच्छ्वसितवसुधागन्धसम्पर्करम्यः,29.980,38.300
pm41-50,स्रोतोरन्ध्रध्वनितसुभगं,38.300,42.020
pm41-50,दन्तिभिः,42.020,43.105
pm41-50,पीयमानः,43.105,46.360
pm41-50,नीचैर्वास्यत्युपजिगमिषोः,46.360,50.520
pm41-50,देवपूर्वं,50.520,52.825
pm41-50,गिरिं,52.825,54.105
pm41-50,ते,54.105,54.820
pm41-50,शीतो,54.820,55.540
pm41-50,वायुः,55.540,56.465
pm41-50,परिणमयिता,56.465,58.325
pm41-50,काननोदुम्बराणाम्,58.325,62.860
pm41-50,तत्र,62.860,64.460
pm41-50,स्कन्दं,64.460,65.640
pm41-50,नियतवसतिं,65.640,67.185
pm41-50,पुष्पमेघीकृतात्मा,67.185,71.200
pm41-50,पुष्पासारैः,71.200,73.380
pm41-50,स्नपयतु,73.380,74.040
pm41-50,भवान्,74.040,74.925
pm41-50,व्योमगङ्गाजलार्द्रैः,74.925,79.960
pm41-50,रक्षाहेतोर्नवशशिभृता,79.960,84.020
pm41-50,वासवीनां,84.020,85.970
pm41-50,चमूनाम्,85.970,88.180
pm41-50,अत्यादित्यं,88.180,89.840
pm41-50,हुतवहमुखे,89.840,91.915
pm41-50,संभृतं,91.915,93.535
pm41-50,तद्धितेजः,93.535,96.660
pm41-50,ज्योतिर्लेखावलयि,96.660,98.910
pm41-50,गलितं,98.910,100.535
pm41-50,यस्य,100.535,101.050
pm41-50,बर्हं,101.050,102.545
pm41-50,भवानी,102.545,104.080
pm41-50,पुत्रप्रेम्णा,104.080,106.415
pm41-50,कुवलयदलप्रापि,106.415,108.450
pm41-50,कर्णे,108.450,109.835
pm41-50,करोति,109.835,111.940
pm41-50,धौतापाङ्गं,111.940,114.065
pm41-50,हरशशिरुचा,114.065,115.890
pm41-50,पावकेस्तं,115.890,118.445
pm41-50,मयूरं,118.445,120.020
pm41-50,पश्चादद्रिग्रहणगुरुभिः,120.020,124.130
pm41-50,गर्जितैर्नर्तयेथाः,124.130,129.660
pm41-50,आराध्यैनं,129.660,131.550
pm41-50,शरवणभवं,131.550,133.805
pm41-50,देवमुल्लङ्घिताध्वा,133.805,137.780
pm41-50,सिद्धद्वन्द्वैर्जलकणभयाद्,137.780,142.020
pm41-50,वीणिभिर्मुक्तमार्गः,142.020,146.340
pm41-50,व्यालम्बेथाः,146.340,148.395
pm41-50,सुरभितनयालम्भजां,148.395,151.425
pm41-50,मानयिष्यन्,151.425,153.620
pm41-50,स्रोतोमूर्त्या,153.620,155.715
pm41-50,भुवि,155.715,156.175
pm41-50,परिणतां,156.175,157.390
pm41-50,रन्तिदेवस्य,157.390,159.905
pm41-50,कीर्तिम्,159.905,162.340
pm41-50,त्वय्यादातुं,162.340,165.435
pm41-50,जलमवनते,165.435,167.130
pm41-50,शार्ङ्गिणो,167.130,168.810
pm41-50,वर्णचौरे,168.810,171.260
pm41-50,तस्याः,171.260,172.825
pm41-50,सिन्धोः,172.825,173.915
pm41-50,पृथुमपि,173.915,174.910
pm41-50,तनुं,174.910,175.805
pm41-50,दूरभावात्,175.805,179.420
pm41-50,प्रवाहम्,179.420,180.520
pm41-50,प्रेक्षिष्यन्ते,180.520,182.870
pm41-50,गगनगतयः,182.870,185.305
pm41-50,नूनमावर्ज्य,185.305,186.935
pm41-50,दृष्टीः,186.935,189.000
pm41-50,एकं,189.000,189.910
pm41-50,मुक्तागुणमिव,189.910,191.550
pm41-50,भुवः,191.550,192.845
pm41-50,स्थूलमध्येन्द्रनीलम्,192.845,198.620
pm41-50,तामुत्तीर्य,198.620,200.325
pm41-50,व्रज,200.325,201.860
pm41-50,परिचितभ्रूलताविभ्रमाणां,201.860,206.240
pm41-50,पक्ष्मोत्क्षेपाद्,206.240,209.510
pm41-50,उपरिविलसत्कृष्णशारप्रभाणाम्,209.510,214.060
pm41-50,कुन्दक्षेपानुगमधुकरश्रीमुषामात्मबिम्बं,214.060,221.560
pm41-50,पात्रीकुर्वन्,221.560,223.600
pm41-50,दशपुरवधूनेत्रकौतूहलानाम्,223.600,230.560
pm41-50,ब्रह्मावर्तं,230.560,232.460
pm41-50,जनपदम्,232.460,234.250
pm41-50,अथ,234.250,234.700
pm41-50,च्छायया,234.700,235.295
pm41-50,गाहमानः,235.295,238.120
pm41-50,क्षेत्रं,238.120,239.710
pm41-50,क्षत्रप्रधनपिशुनं,239.710,242.465
pm41-50,कौरवं,242.465,244.105
pm41-50,तद्भजेथाः,244.105,247.080
pm41-50,राजन्यानां,247.080,248.935
pm41-50,शितशरशतैः,248.935,251.475
pm41-50,यत्र,251.475,251.905
pm41-50,गाण्डीवधन्वा,251.905,255.440
pm41-50,धारापातैस्त्वमिव,255.440,257.965
pm41-50,कमलान्यभ्यवर्षन्,257.965,261.455
pm41-50,मुखानि,261.455,264.480
pm41-50,हित्वा,264.480,266.305
pm41-50,हालामभिमतरसां,266.305,267.885
pm41-50,रेवतीलोचनाङ्कां,267.885,272.620
pm41-50,बन्धुप्रीत्या,272.620,274.370
pm41-50,समरविमुखः,274.370,276.350
pm41-50,लाङ्गली,276.350,277.990
pm41-50,याः,277.990,278.400
pm41-50,सिषेवे,278.400,280.220
pm41-50,कृत्वा,280.220,281.225
pm41-50,तासामधिगममपां,281.225,284.715
pm41-50,सौम्य,284.715,285.480
pm41-50,सारस्वतीनाम्,285.480,288.300
pm41-50,अन्तः,288.300,288.850
pm41-50,शुद्धस्त्वमपि,288.850,290.340
pm41-50,भविता,290.340,291.485
pm41-50,वर्णमात्रेण,291.485,294.120
pm41-50,कृष्णः,294.120,295.620
pm41-50,तस्माद्गच्छेः,295.620,299.970
pm41-50,अनुकनखलं,299.970,301.300
pm41-50,शैलराजावतीर्णां,301.300,305.520
pm41-50,जह्नोः,305.520,306.630
pm41-50,कन्यां,306.630,308.195
pm41-50,सगरतनयस्वर्गसोपानपङ्क्तिम्,308.195,313.820
pm41-50,गौरीवक्त्रभ्रुकुटिरचनां,313.820,317.705
pm41-50,या,317.705,318.130
pm41-50,विहस्येव,318.130,319.775
pm41-50,फेनैः,319.775,321.680
pm41-50,शम्भोः,321.680,322.900
pm41-50,केशग्रहणमकरोद्,322.900,325.965
pm41-50,इन्दुलग्नोर्मिहस्ता,325.965,330.240
pm51-63,तस्याः,0.000,2.290
pm51-63,पातुं,2.290,3.410
pm51-63,सुरगज,3.410,4.945
pm51-63,इव,4.945,5.345
pm51-63,व्योम्नि,5.345,6.110
pm51-63,पश्चार्धलम्बी,6.110,8.980
pm51-63,त्वं,8.980,10.045
pm51-63,चेद्,10.045,10.965
pm51-63,अच्छस्फटिकविशदं,10.965,13.365
pm51-63,तर्कयेस्तिर्यगम्भः,13.365,17.780
pm51-63,संसर्पन्त्या,17.780,19.590
pm51-63,सपदि,19.590,20.190
pm51-63,भवतः,20.190,21.715
pm51-63,स्रोतसि,21.715,22.730
pm51-63,च्छाययासौ,22.730,25.840
pm51-63,स्यादस्थानोपगतयमुनासंगमेवाभिरामा,25.840,35.500
pm51-63,आसीनानां,35.500,37.180
pm51-63,सुरभितशिलं,37.180,38.935
pm51-63,नाभिगन्धैर्मृगाणां,38.935,43.280
pm51-63,तस्या,43.280,44.765
pm51-63,एव,44.765,45.185
pm51-63,प्रभवमचलं,45.185,47.695
pm51-63,प्राप्य,47.695,48.505
pm51-63,गौरं,48.505,49.945
pm51-63,तुषारैः,49.945,52.580
pm51-63,वक्ष्यस्यध्वश्रमविनयने,52.580,56.175
pm51-63,तस्य,56.175,56.900
pm51-63,शृङ्गे,56.900,58.325
pm51-63,निषण्णः,58.325,60.180
pm51-63,शोभां,60.180,61.955
pm51-63,शुभ्रत्रिनयनवृषोत्खातपङ्कोपमेयाम्,61.955,68.980
pm51-63,तं,68.980,70.515
pm51-63,चेद्वायौ,70.515,72.125
pm51-63,सरति,72.125,73.340
pm51-63,सरलस्कन्धसंघट्टजन्मा,73.340,77.440
pm51-63,बाधेतोल्काक्षपितचमरीबालभारो,77.440,83.470
pm51-63,दवाग्निः,83.470,86.380
pm51-63,अर्हस्येनं,86.380,88.055
pm51-63,शमयितुमलं,88.055,90.110
pm51-63,वारिधारासहस्रैः,90.110,94.300
pm51-63,आपन्नार्तिप्रशमनफलाः,94.300,98.335
pm51-63,संपदो,98.335,99.920
pm51-63,ह्युत्तमानाम्,99.920,103.400
pm51-63,ये,103.400,103.935
pm51-63,संरम्भोत्पतनरभसाः,103.935,107.305
pm51-63,स्वाङ्गभङ्गाय,107.305,110.010
pm51-63,तस्मिन्,110.010,111.760
pm51-63,मुक्ताध्वानं,111.760,113.880
pm51-63,सपदि,113.880,114.985
pm51-63,शरभा,114.985,116.075
pm51-63,लङ्घयेयुर्भवन्तम्,116.075,119.840
pm51-63,तान्,119.840,121.020
pm51-63,कुर्वीथाः,121.020,122.995
pm51-63,तुमुलकरकावृष्टिपातावकीर्णान्,122.995,128.780
pm51-63,के,128.780,129.210
pm51-63,वा,129.210,129.735
pm51-63,न,129.735,129.930
pm51-63,स्युः,129.930,130.885
pm51-63,परिभवपदं,130.885,132.800
pm51-63,निष्फलारम्भयत्नाः,132.800,136.820
pm51-63,तत्र,136.820,137.620
pm51-63,व्यक्तं,137.620,138.750
pm51-63,दृषदि,138.750,140.115
pm51-63,चरणन्यासमर्धेन्दुमौलेः,140.115,144.720
pm51-63,शश्वत्,144.720,145.905
pm51-63,सिद्धैरुपचितबलिं,145.905,148.155
pm51-63,भक्तिनम्रः,148.155,149.300
pm51-63,परीयाः,149.300,152.540
pm51-63,यस्मिन्,152.540,153.525
pm51-63,दृष्टे,153.525,154.520
pm51-63,करणविगमादूर्ध्वमुद्धूतपापाः,154.520,160.380
pm51-63,कल्पिष्यन्ते,160.380,162.205
pm51-63,स्थिरगणपदप्राप्तये,162.205,165.440
pm51-63,श्रद्दधानाः,165.440,168.640
pm51-63,शब्दायन्ते,168.640,170.680
pm51-63,मधुरमनिलैः,170.680,171.790
pm51-63,कीचकाः,171.790,174.630
pm51-63,पूर्यमाणाः,174.630,177.020
pm51-63,संरक्ताभिस्त्रिपुरविजयः,177.020,180.580
pm51-63,गीयते,180.580,182.195
pm51-63,किन्नरीभिः,182.195,184.680
pm51-63,निर्ह्रादस्ते,184.680,186.425
pm51-63,मुरज,186.425,186.935
pm51-63,इव,186.935,187.250
pm51-63,चेत्,187.250,187.445
pm51-63,कन्दरेषु,187.445,190.530
pm51-63,ध्वनिः,190.530,191.000
pm51-63,स्यात्,191.000,192.440
pm51-63,संगीतार्थो,192.440,194.430
pm51-63,ननु,194.430,194.745
pm51-63,पशुपतेः,194.745,196.335
pm51-63,तत्र,196.335,197.155
pm51-63,भावी,197.155,198.440
pm51-63,समग्रः,198.440,200.060
pm51-63,प्रालेयाद्रेरुपतटमतिक्रम्य,200.060,205.390
pm51-63,तांस्तान्,205.390,207.420
pm51-63,विशेषान्,207.420,209.400
pm51-63,हंसद्वारं,209.400,211.210
pm51-63,भृगुपतियशोवर्त्म,211.210,213.655
pm51-63,यत्क्रौञ्चरन्ध्रम्,213.655,216.560
pm51-63,तेनोदीचीं,216.560,218.650
pm51-63,दिशमनुसरेः,218.650,220.135
pm51-63,तिर्यगायामशोभी,220.135,224.700
pm51-63,श्यामः,224.700,226.200
pm51-63,पादः,226.200,227.105
pm51-63,बलिनियमनाभ्युद्यतस्येव,227.105,230.730
pm51-63,विष्णोः,230.730,233.700
pm51-63,गत्वा,233.700,234.695
pm51-63,चोर्ध्वं,234.695,236.515
pm51-63,दशमुखभुजोच्छ्वासितप्रस्थसंधेः,236.515,240.940
pm51-63,कैलासस्य,240.940,243.045
pm51-63,त्रिदशवनितादर्पणस्यातिथिः,243.045,247.320
pm51-63,स्याः,247.320,249.300
pm51-63,शृङ्गोच्छ्रायैः,249.300,251.945
pm51-63,कुमुदविशदैर्यो,251.945,254.060
pm51-63,वितत्य,254.060,254.810
pm51-63,स्थितः,254.810,255.500
pm51-63,खं,255.500,256.920
pm51-63,राशीभूतः,256.920,258.575
pm51-63,प्रतिदिनमिव,258.575,259.800
pm51-63,त्र्यम्बकस्याट्टहासः,259.800,265.860
pm51-63,उत्पश्यामि,265.860,267.540
pm51-63,त्वयि,267.540,268.000
pm51-63,तटगते,268.000,269.475
pm51-63,स्निग्धभिन्नाञ्जनाभे,269.475,273.520
pm51-63,सद्यः,273.520,274.585
pm51-63,कृत्तद्विरददशनच्छेदगौरस्य,274.585,279.395
pm51-63,तस्य,279.395,280.640
pm51-63,शोभामद्रेः,280.640,283.120
pm51-63,स्तिमितनयनप्रेक्षणीयां,283.120,286.675
pm51-63,भवित्रीम्,286.675,288.900
pm51-63,अंसन्यस्ते,288.900,290.595
pm51-63,सति,290.595,290.925
pm51-63,हलभृतः,290.925,292.480
pm51-63,मेचके,292.480,294.170
pm51-63,वाससीव,294.170,297.740
pm51-63,हित्वा,297.740,298.625
pm51-63,तस्मिन्,298.625,299.910
pm51-63,भुजगवलयं,299.910,301.830
pm51-63,शम्भुना,301.830,303.525
pm51-63,दत्तहस्ता,303.525,305.460
pm51-63,क्रीडाशैले,305.460,307.035
pm51-63,यदि,307.035,307.315
pm51-63,च,307.315,307.940
pm51-63,विचरेत्,307.940,308.600
pm51-63,पादचारेण,308.600,312.725
pm51-63,गौरी,312.725,314.580
pm51-63,भङ्गीभक्त्या,314.580,316.320
pm51-63,विरचितवपुः,316.320,318.315
pm51-63,स्तम्भितान्तर्जलौघः,318.315,322.260
pm51-63,सोपानत्वं,322.260,323.985
pm51-63,कुरु,323.985,324.610
pm51-63,मणितटारोहणायाग्रयायी,324.610,330.140
pm51-63,तत्रावश्यं,330.140,333.040
pm51-63,वलयकुलिशोद्घट्टनोद्गीर्णतोयं,333.040,339.300
pm51-63,नेष्यन्ति,339.300,340.435
pm51-63,त्वां,340.435,341.285
pm51-63,सुरयुवतयः,341.285,343.325
pm51-63,यन्त्रधारागृहत्वम्,343.325,347.040
pm51-63,ताभ्यो,347.040,348.535
pm51-63,मोक्षस्तव,348.535,350.075
pm51-63,यदि,350.075,350.495
pm51-63,सखे,350.495,351.760
pm51-63,घर्मलब्धस्य,351.760,353.470
pm51-63,न,353.470,353.655
pm51-63,स्यात्,353.655,355.360
pm51-63,क्रीडालोलाः,355.360,357.210
pm51-63,श्रवणपरुषैर्गर्जितैर्भाययेस्ताः,357.210,364.980
pm51-63,हेमाम्भोजप्रसवि,364.980,367.525
pm51-63,सलिलं,367.525,369.015
pm51-63,मानसस्याददानः,369.015,372.480
pm51-63,कुर्वन्,372.480,375.095
pm51-63,कामं,375.095,377.035
pm51-63,क्षणमुखपटप्रीतिमैरावतस्य,377.035,381.000
pm51-63,धुन्वन्,381.000,382.340
pm51-63,कल्पद्रुमकिसलयान्,382.340,385.070
pm51-63,यंशुकानीव,385.070,386.990
pm51-63,वातैः,386.990,389.080
pm51-63,नानाचेष्टैर्जलद,389.080,392.970
pm51-63,ललितैर्निर्विशेस्तं,392.970,395.525
pm51-63,नगेन्द्रम्,395.525,397.320
pm51-63,तस्योत्सङ्गे,397.320,402.375
pm51-63,प्रणयिन,402.375,403.205
pm51-63,इव,403.205,403.320
pm51-63,स्रस्तगङ्गादुकूलां,403.320,407.440
pm51-63,न,407.440,407.855
pm51-63,त्वं,407.855,408.515
pm51-63,दृष्ट्वा,408.515,409.635
pm51-63,न,409.635,409.930
pm51-63,पुनरलकां,409.930,411.195
pm51-63,ज्ञास्यसे,411.195,412.365
pm51-63,कामचारिन्,412.365,415.840
pm51-63,या,415.840,416.350
pm51-63,वः,416.350,416.640
pm51-63,काले,416.640,417.675
pm51-63,वहति,417.675,418.300
pm51-63,सलिलोद्गारमुच्चैर्विमाना,418.300,423.500
pm51-63,मुक्ताजालग्रथितमलकं,423.500,426.810
pm51-63,कामिनीवाभ्रवृन्दम्,426.810,431.520
